{"inputUnits":[34],"outputUnits":6,"inputs":{"0":{"dtype":"number","min":94.94238126580012,"max":262.76722393073067},"1":{"dtype":"number","min":72.19028108533595,"max":175.61062045032284},"2":{"dtype":"number","min":108.13834742495888,"max":279.84492950736893},"3":{"dtype":"number","min":57.143668905336256,"max":148.9799014680799},"4":{"dtype":"number","min":73.57959234226516,"max":249.78348402949104},"5":{"dtype":"number","min":57.90359392965513,"max":163.60486512063306},"6":{"dtype":"number","min":137.29443763896504,"max":305.59395535415143},"7":{"dtype":"number","min":58.37399220606039,"max":147.38687496668646},"8":{"dtype":"number","min":60.64877456159387,"max":237.8788834659212},"9":{"dtype":"number","min":63.98277624773468,"max":172.16270521137912},"10":{"dtype":"number","min":184.72694144146715,"max":328.4966559159128},"11":{"dtype":"number","min":116.23739052934255,"max":219.5917489979467},"12":{"dtype":"number","min":103.90452870151452,"max":204.68851784748873},"13":{"dtype":"number","min":118.65053128545512,"max":265.86483604029604},"14":{"dtype":"number","min":253.9384499116715,"max":433.3888503403691},"15":{"dtype":"number","min":66.81404098897417,"max":291.33981567144855},"16":{"dtype":"number","min":78.26129281265229,"max":260.4756197269432},"17":{"dtype":"number","min":125.31632629751462,"max":392.05852188794466},"18":{"dtype":"number","min":278.00687778762904,"max":404.60205137613457},"19":{"dtype":"number","min":14.465722275523873,"max":377.00781333283834},"20":{"dtype":"number","min":33.66767749451754,"max":340.32101651613704},"21":{"dtype":"number","min":22.60828802692494,"max":425.416390640229},"22":{"dtype":"number","min":209.55339993185,"max":309.37734860425803},"23":{"dtype":"number","min":260.92885885554676,"max":458.3762435466922},"24":{"dtype":"number","min":161.23129965501454,"max":240.04774959928574},"25":{"dtype":"number","min":300.25104604501706,"max":473.1475627817373},"26":{"dtype":"number","min":211.03921217295624,"max":298.3856641386452},"27":{"dtype":"number","min":288.6641391211318,"max":572.9300527591222},"28":{"dtype":"number","min":130.2867236518488,"max":240.9435327243619},"29":{"dtype":"number","min":480.8800793623599,"max":573.9721643994426},"30":{"dtype":"number","min":191.35603757861995,"max":295.3542870713024},"31":{"dtype":"number","min":354.9668566014102,"max":558.7857487606026},"32":{"dtype":"number","min":136.25110470063504,"max":239.55276817141453},"33":{"dtype":"number","min":554.059933073107,"max":562.4064044320328}},"outputs":{"0":{"dtype":"string","min":0,"max":1,"uniqueValues":["y","b","r","g","o","p"],"legend":{"y":[1,0,0,0,0,0],"b":[0,1,0,0,0,0],"r":[0,0,1,0,0,0],"g":[0,0,0,1,0,0],"o":[0,0,0,0,1,0],"p":[0,0,0,0,0,1]}}},"isNormalized":true}