{"inputUnits":[34],"outputUnits":2,"inputs":{"0":{"dtype":"number","min":278.4773982384516,"max":370.1498187029803},"1":{"dtype":"number","min":67.66004952770925,"max":87.45695415296052},"2":{"dtype":"number","min":295.7038849650303,"max":386.0091550354837},"3":{"dtype":"number","min":54.9855603669819,"max":71.82042885942067},"4":{"dtype":"number","min":266.9516835947018,"max":357.9910071597926},"5":{"dtype":"number","min":53.41384203578065,"max":71.33312738429731},"6":{"dtype":"number","min":314.8257883529217,"max":401.03140654387295},"7":{"dtype":"number","min":68.60800283926503,"max":80.7841279027987},"8":{"dtype":"number","min":247.50873647470453,"max":335.59458622923137},"9":{"dtype":"number","min":61.02883411429778,"max":81.78545306765312},"10":{"dtype":"number","min":342.6847110621878,"max":418.15170615272444},"11":{"dtype":"number","min":149.84957391988,"max":160.32290044119017},"12":{"dtype":"number","min":211.4910983853405,"max":311.9529548630147},"13":{"dtype":"number","min":141.11155995151452,"max":151.4201792220623},"14":{"dtype":"number","min":364.3843313592684,"max":506.8691427665844},"15":{"dtype":"number","min":126.9224640546951,"max":273.4584934762579},"16":{"dtype":"number","min":154.43768417626094,"max":256.2448114168342},"17":{"dtype":"number","min":95.99942510355748,"max":244.13487960488243},"18":{"dtype":"number","min":393.1317923919499,"max":591.9892011794894},"19":{"dtype":"number","min":49.99327958908228,"max":375.49088803415873},"20":{"dtype":"number","min":85.97694798519737,"max":235.82635771693774},"21":{"dtype":"number","min":16.4736599392361,"max":337.29270176580775},"22":{"dtype":"number","min":296.5971163327698,"max":392.894082469085},"23":{"dtype":"number","min":363.8990709330836,"max":395.5214484439723},"24":{"dtype":"number","min":211.21280543753045,"max":312.976311577691},"25":{"dtype":"number","min":337.7311578642787,"max":384.6931609215095},"26":{"dtype":"number","min":282.08357128715886,"max":378.6128315916303},"27":{"dtype":"number","min":539.7353425499988,"max":551.6196493702789},"28":{"dtype":"number","min":200.09597012406437,"max":317.1412520380745},"29":{"dtype":"number","min":523.7744209036724,"max":548.7108875296966},"30":{"dtype":"number","min":277.00798287493905,"max":376.2904012877109},"31":{"dtype":"number","min":555.2342836852195,"max":560.0425834730122},"32":{"dtype":"number","min":197.6881487513611,"max":318.0002562762701},"33":{"dtype":"number","min":556.4901818169487,"max":559.6350585461591}},"outputs":{"0":{"dtype":"string","min":0,"max":1,"uniqueValues":["x","j"],"legend":{"x":[1,0],"j":[0,1]}}},"isNormalized":true}